{
  "IcoMoonType": "selection",
  "icons": [
    {
      "icon": {
        "paths": [
          "M950.857 347.429v402.286c0 70.286-57.714 128-128 128h-694.857c-70.286 0-128-57.714-128-128v-548.571c0-70.286 57.714-128 128-128h182.857c70.286 0 128 57.714 128 128v18.286h384c70.286 0 128 57.714 128 128z"
        ],
        "width": 950.8571428571428,
        "attrs": [],
        "isMulticolor": false,
        "isMulticolor2": false,
        "tags": [
          "folder"
        ],
        "defaultCode": 61563,
        "grid": 14
      },
      "attrs": [],
      "properties": {
        "name": "folder",
        "id": 117,
        "order": 7,
        "prevSize": 28,
        "code": 61563
      },
      "setIdx": 0,
      "setId": 3,
      "iconIdx": 117
    },
    {
      "icon": {
        "paths": [
          "M1073.714 544c0 13.714-8.571 27.429-17.714 37.714l-192 226.286c-33.143 38.857-100.571 69.714-150.857 69.714h-621.714c-20.571 0-49.714-6.286-49.714-32 0-13.714 8.571-27.429 17.714-37.714l192-226.286c33.143-38.857 100.571-69.714 150.857-69.714h621.714c20.571 0 49.714 6.286 49.714 32zM877.714 347.429v91.429h-475.429c-71.429 0-160 40.571-206.286 95.429l-195.429 229.714c0-4.571-0.571-9.714-0.571-14.286v-548.571c0-70.286 57.714-128 128-128h182.857c70.286 0 128 57.714 128 128v18.286h310.857c70.286 0 128 57.714 128 128z"
        ],
        "width": 1073.7371428571428,
        "attrs": [],
        "isMulticolor": false,
        "isMulticolor2": false,
        "tags": [
          "folder-open"
        ],
        "defaultCode": 61564,
        "grid": 14
      },
      "attrs": [],
      "properties": {
        "name": "folder-open",
        "id": 118,
        "order": 10,
        "prevSize": 28,
        "code": 61564
      },
      "setIdx": 0,
      "setId": 3,
      "iconIdx": 118
    },
    {
      "icon": {
        "paths": [
          "M585.143 292.571v-269.714c8 5.143 14.857 10.286 20.571 16l233.143 233.143c5.714 5.714 10.857 12.571 16 20.571h-269.714zM512 310.857c0 30.286 24.571 54.857 54.857 54.857h310.857v603.429c0 30.286-24.571 54.857-54.857 54.857h-768c-30.286 0-54.857-24.571-54.857-54.857v-914.286c0-30.286 24.571-54.857 54.857-54.857h457.143v310.857z"
        ],
        "width": 877.7142857142857,
        "attrs": [],
        "isMulticolor": false,
        "isMulticolor2": false,
        "tags": [
          "file"
        ],
        "defaultCode": 61787,
        "grid": 14
      },
      "attrs": [],
      "properties": {
        "name": "file",
        "id": 312,
        "order": 9,
        "prevSize": 28,
        "code": 61787
      },
      "setIdx": 0,
      "setId": 3,
      "iconIdx": 312
    },
    {
      "icon": {
        "paths": [
          "M207.429 877.714l52-52-134.286-134.286-52 52v61.143h73.143v73.143h61.143zM506.286 347.429c0-7.429-5.143-12.571-12.571-12.571-3.429 0-6.857 1.143-9.714 4l-309.714 309.714c-2.857 2.857-4 6.286-4 9.714 0 7.429 5.143 12.571 12.571 12.571 3.429 0 6.857-1.143 9.714-4l309.714-309.714c2.857-2.857 4-6.286 4-9.714zM475.429 237.714l237.714 237.714-475.429 475.429h-237.714v-237.714zM865.714 292.571c0 19.429-8 38.286-21.143 51.429l-94.857 94.857-237.714-237.714 94.857-94.286c13.143-13.714 32-21.714 51.429-21.714s38.286 8 52 21.714l134.286 133.714c13.143 13.714 21.143 32.571 21.143 52z"
        ],
        "width": 865.7188571428571,
        "attrs": [],
        "isMulticolor": false,
        "isMulticolor2": false,
        "tags": [
          "pencil"
        ],
        "defaultCode": 61504,
        "grid": 14
      },
      "attrs": [],
      "properties": {
        "name": "pencil",
        "id": 0,
        "order": 3,
        "prevSize": 28,
        "code": 61504
      },
      "setIdx": 1,
      "setId": 2,
      "iconIdx": 0
    },
    {
      "icon": {
        "paths": [
          "M832 694.857c0-14.857-5.714-28.571-16-38.857l-118.857-118.857c-10.286-10.286-24.571-16-38.857-16-16.571 0-29.714 6.286-41.143 18.286 18.857 18.857 41.143 34.857 41.143 64 0 30.286-24.571 54.857-54.857 54.857-29.143 0-45.143-22.286-64-41.143-12 11.429-18.857 24.571-18.857 41.714 0 14.286 5.714 28.571 16 38.857l117.714 118.286c10.286 10.286 24.571 15.429 38.857 15.429s28.571-5.143 38.857-14.857l84-83.429c10.286-10.286 16-24 16-38.286zM430.286 292c0-14.286-5.714-28.571-16-38.857l-117.714-118.286c-10.286-10.286-24.571-16-38.857-16s-28.571 5.714-38.857 15.429l-84 83.429c-10.286 10.286-16 24-16 38.286 0 14.857 5.714 28.571 16 38.857l118.857 118.857c10.286 10.286 24.571 15.429 38.857 15.429 16.571 0 29.714-5.714 41.143-17.714-18.857-18.857-41.143-34.857-41.143-64 0-30.286 24.571-54.857 54.857-54.857 29.143 0 45.143 22.286 64 41.143 12-11.429 18.857-24.571 18.857-41.714zM941.714 694.857c0 43.429-17.714 85.714-48.571 116l-84 83.429c-30.857 30.857-72.571 47.429-116 47.429-44 0-85.714-17.143-116.571-48.571l-117.714-118.286c-30.857-30.857-47.429-72.571-47.429-116 0-45.143 18.286-88 50.286-119.429l-50.286-50.286c-31.429 32-73.714 50.286-118.857 50.286-43.429 0-85.714-17.143-116.571-48l-118.857-118.857c-31.429-31.429-48-72.571-48-116.571 0-43.429 17.714-85.714 48.571-116l84-83.429c30.857-30.857 72.571-47.429 116-47.429 44 0 85.714 17.143 116.571 48.571l117.714 118.286c30.857 30.857 47.429 72.571 47.429 116 0 45.143-18.286 88-50.286 119.429l50.286 50.286c31.429-32 73.714-50.286 118.857-50.286 43.429 0 85.714 17.143 116.571 48l118.857 118.857c31.429 31.429 48 72.571 48 116.571z"
        ],
        "width": 950.8571428571428,
        "attrs": [],
        "isMulticolor": false,
        "isMulticolor2": false,
        "tags": [
          "chain",
          "link"
        ],
        "defaultCode": 61633,
        "grid": 14
      },
      "attrs": [],
      "properties": {
        "name": "link",
        "id": 1,
        "order": 3,
        "prevSize": 28,
        "code": 61633
      },
      "setIdx": 1,
      "setId": 2,
      "iconIdx": 1
    }
  ],
  "height": 1024,
  "metadata": {
    "name": "FontAwesome"
  },
  "preferences": {
    "showGlyphs": true,
    "showCodes": true,
    "showQuickUse": true,
    "showQuickUse2": true,
    "showSVGs": true,
    "fontPref": {
      "prefix": "fa-",
      "metadata": {
        "fontFamily": "FontAwesome",
        "majorVersion": 1,
        "minorVersion": 0
      },
      "metrics": {
        "emSize": 1024,
        "baseline": 6.25,
        "whitespace": 50
      },
      "embed": false,
      "showSelector": true,
      "selector": "class",
      "classSelector": ".fa",
      "showMetadata": false,
      "showMetrics": false,
      "ie7": true,
      "noie8": false,
      "showVersion": false
    },
    "imagePref": {
      "prefix": "icon-",
      "png": true,
      "useClassSelector": true,
      "color": 0,
      "bgColor": 16777215
    },
    "historySize": 100
  }
}